tenure_group,0.0,1.0,churn_rate_pct
Champion,196,13,6.220095693779904
Loyal,169,33,16.33663366336634
New,167,154,47.97507788161994
Regular,212,56,20.8955223880597
